title,url,date
Treasury Bills: Full Auction Result,https://rbi.org.in/Scripts/BS_PressReleaseDisplay.aspx?prid=61572,
"91-Day, 182-Day and 364-Day T-Bill Auction Result: Cut-off",https://rbi.org.in/Scripts/BS_PressReleaseDisplay.aspx?prid=61571,
"Underwriting Auction for sale of Government Security for ₹32,000 crore on November 07, 2025",https://rbi.org.in/Scripts/BS_PressReleaseDisplay.aspx?prid=61570,
"Money Market Operations as on November 05, 2025",https://rbi.org.in/Scripts/BS_PressReleaseDisplay.aspx?prid=61569,
"Money Market Operations as on November 04, 2025",https://rbi.org.in/Scripts/BS_PressReleaseDisplay.aspx?prid=61568,
"Final redemption under Sovereign Gold Bond (SGB) Scheme - Redemption Price for final redemption of 2017-18 Series-VI due on November 06, 2025",https://rbi.org.in/Scripts/BS_PressReleaseDisplay.aspx?prid=61567,
"RBI imposes monetary penalty on Latur District Central Co-operative Bank Ltd., Maharashtra",https://rbi.org.in/Scripts/BS_PressReleaseDisplay.aspx?prid=61566,
"RBI imposes monetary penalty on Parbhani District Central Cooperative Bank Ltd., Maharashtra",https://rbi.org.in/Scripts/BS_PressReleaseDisplay.aspx?prid=61565,
"RBI imposes monetary penalty on Viva Home Finance Limited, Palghar, Maharashtra",https://rbi.org.in/Scripts/BS_PressReleaseDisplay.aspx?prid=61564,
"RBI imposes monetary penalty on The Satara Sahakari Bank Ltd., Mumbai, Maharashtra",https://rbi.org.in/Scripts/BS_PressReleaseDisplay.aspx?prid=61563,
Survey on Computer Software and Information Technology Enabled Services Exports: 2024-25,https://rbi.org.in/Scripts/BS_PressReleaseDisplay.aspx?prid=61562,
State Government Securities - Full Auction Result,https://rbi.org.in/Scripts/BS_PressReleaseDisplay.aspx?prid=61561,
Result of Yield/Price Based Auction of State Government Securities,https://rbi.org.in/Scripts/BS_PressReleaseDisplay.aspx?prid=61560,
"Financial Action Task Force (FATF) High risk and other monitored jurisdictions – October 22-24, 2025",https://rbi.org.in/Scripts/BS_PressReleaseDisplay.aspx?prid=61559,
"Money Market Operations as on November 03, 2025",https://rbi.org.in/Scripts/BS_PressReleaseDisplay.aspx?prid=61558,
Auction of Government of India Dated Security,https://rbi.org.in/Scripts/BS_PressReleaseDisplay.aspx?prid=61557,
"Premature redemption under Sovereign Gold Bond (SGB) Scheme - Redemption Price for premature redemption of 2018-19 Series-I due on November 04, 2025",https://rbi.org.in/Scripts/BS_PressReleaseDisplay.aspx?prid=61556,
"Money Market Operations as on November 02, 2025",https://rbi.org.in/Scripts/BS_PressReleaseDisplay.aspx?prid=61555,
"Money Market Operations as on November 01, 2025",https://rbi.org.in/Scripts/BS_PressReleaseDisplay.aspx?prid=61554,
"Money Market Operations as on October 31, 2025",https://rbi.org.in/Scripts/BS_PressReleaseDisplay.aspx?prid=61553,
"Processing of Applications Received Under the Citizen’s Charter – Status as on October 31, 2025",https://rbi.org.in/Scripts/BS_PressReleaseDisplay.aspx?prid=61552,
Withdrawal of ₹2000 Denomination Banknotes – Status,https://rbi.org.in/Scripts/BS_PressReleaseDisplay.aspx?prid=61551,
619thMeeting of Central Board of the Reserve Bank of India,https://rbi.org.in/Scripts/BS_PressReleaseDisplay.aspx?prid=61550,
RBI launches the November 2025 round of Urban Consumer Confidence Survey,https://rbi.org.in/Scripts/BS_PressReleaseDisplay.aspx?prid=61547,
RBI launches the November 2025 round of the Rural Consumer Confidence Survey,https://rbi.org.in/Scripts/BS_PressReleaseDisplay.aspx?prid=61548,
RBI launches the November 2025 round of the Inflation Expectations  Survey of Households,https://rbi.org.in/Scripts/BS_PressReleaseDisplay.aspx?prid=61549,
Auction of State Government Securities,https://rbi.org.in/Scripts/BS_PressReleaseDisplay.aspx?prid=61546,
Lending and Deposit Rates of Scheduled Commercial Banks – October 2025,https://rbi.org.in/Scripts/BS_PressReleaseDisplay.aspx?prid=61545,
Monthly Data on India’s International Trade in Services  for the Month of September 2025,https://rbi.org.in/Scripts/BS_PressReleaseDisplay.aspx?prid=61544,
"Auction of 91-Day, 182-Day and 364-Day Treasury Bills",https://rbi.org.in/Scripts/BS_PressReleaseDisplay.aspx?prid=61543,
"Money Supply for the fortnight ended October 17, 2025",https://rbi.org.in/Scripts/BS_PressReleaseDisplay.aspx?prid=61542,
Reserve Bank of India – Bulletin Weekly Statistical Supplement – Extract,https://rbi.org.in/Scripts/BS_PressReleaseDisplay.aspx?prid=61541,
Government Stock - Full Auction Results,https://rbi.org.in/Scripts/BS_PressReleaseDisplay.aspx?prid=61540,
Sectoral Deployment of Bank Credit – September 2025,https://rbi.org.in/Scripts/BS_PressReleaseDisplay.aspx?prid=61539,
Government Stock - Auction Results: Cut-off,https://rbi.org.in/Scripts/BS_PressReleaseDisplay.aspx?prid=61538,
"Result of Underwriting Auction conducted on October 31, 2025",https://rbi.org.in/Scripts/BS_PressReleaseDisplay.aspx?prid=61537,
"Money Market Operations as on October 30, 2025",https://rbi.org.in/Scripts/BS_PressReleaseDisplay.aspx?prid=61536,
"RBI imposes monetary penalty on Parner Taluka Sainik Sahakari Bank Ltd., Parner, Maharashtra",https://rbi.org.in/Scripts/BS_PressReleaseDisplay.aspx?prid=61535,
"RBI imposes monetary penalty on The Mehsana Urban Co-operative Bank Limited, Gujarat",https://rbi.org.in/Scripts/BS_PressReleaseDisplay.aspx?prid=61534,
"Scheduled Banks’ Statement of Position in India as on Friday, October 17, 2025",https://rbi.org.in/Scripts/BS_PressReleaseDisplay.aspx?prid=61533,
"Underwriting Auction for sale of Government Securities for ₹32,000 crore on October 31, 2025",https://rbi.org.in/Scripts/BS_PressReleaseDisplay.aspx?prid=61532,
"Result of the Overnight Variable Rate Repo (VRR) auction held on October 30, 2025",https://rbi.org.in/Scripts/BS_PressReleaseDisplay.aspx?prid=61531,
"Money Market Operations as on October 29, 2025",https://rbi.org.in/Scripts/BS_PressReleaseDisplay.aspx?prid=61530,
"RBI to conduct Overnight Variable Rate Repo (VRR) auction under LAF on October 30, 2025",https://rbi.org.in/Scripts/BS_PressReleaseDisplay.aspx?prid=61529,
"Premature redemption under Sovereign Gold Bond (SGB) Scheme - Redemption Price for premature redemption of 2019-20 Series-VI due on October 30, 2025",https://rbi.org.in/Scripts/BS_PressReleaseDisplay.aspx?prid=61528,
"Final redemption under Sovereign Gold Bond (SGB) Scheme - Redemption Price for final redemption of 2017-18 Series-V due on October 30, 2025",https://rbi.org.in/Scripts/BS_PressReleaseDisplay.aspx?prid=61527,
RBI releases Draft circular on Guidelines to facilitate faster cross-border inward payments,https://rbi.org.in/Scripts/BS_PressReleaseDisplay.aspx?prid=61526,
Rate of Interest on Government of India Floating Rate Bond 2034,https://rbi.org.in/Scripts/BS_PressReleaseDisplay.aspx?prid=61525,
Census on Foreign Liabilities and Assets of Indian Direct Investment Entities for 2024-25,https://rbi.org.in/Scripts/BS_PressReleaseDisplay.aspx?prid=61524,
"Reserve Money for the fortnight ended October 24, 2025",https://rbi.org.in/Scripts/BS_PressReleaseDisplay.aspx?prid=61523,
Treasury Bills: Full Auction Result,https://rbi.org.in/Scripts/BS_PressReleaseDisplay.aspx?prid=61522,
"91-Day, 182-Day and 364-Day T-Bill Auction Result: Cut-off",https://rbi.org.in/Scripts/BS_PressReleaseDisplay.aspx?prid=61521,
Scheme for writing books originally in Hindi on Economics/Banking/Financial subjects Declaration of Result For The Year 2024-25,https://rbi.org.in/Scripts/BS_PressReleaseDisplay.aspx?prid=61520,
"Result of the Overnight Variable Rate Repo (VRR) auction held on October 29, 2025",https://rbi.org.in/Scripts/BS_PressReleaseDisplay.aspx?prid=61519,
"Money Market Operations as on October 28, 2025",https://rbi.org.in/Scripts/BS_PressReleaseDisplay.aspx?prid=61518,
